epochs,train_loss,train_accuracy,validation_loss,validation_accuracy
1,3.912887062602866,0.021476510067114093,3.9123810386657714,0.02
2,3.9068134839968676,0.02280300039478879,3.9114509307013616,0.02
