epochs,train_loss,train_accuracy,validation_loss,validation_accuracy
1,3.8284464368168845,0.042921437031188316,3.7302362230088977,0.08
2,3.690493902393918,0.06853533359652586,3.644711416032579,0.08
