epochs,train_loss,train_accuracy,validation_loss,validation_accuracy
1,3.8754386086959025,0.038547177260165814,3.8058773189120823,0.07333333333333333
2,3.7164496151148168,0.05778128701144888,3.6765223428938123,0.07333333333333333
