epochs,train_loss,train_accuracy,validation_loss,validation_accuracy
1,3.871220930459421,0.03617844453217529,3.7893859322865806,0.06
2,3.72677804550445,0.05653375444137387,3.718969684176975,0.06
