epochs,train_loss,train_accuracy,validation_loss,validation_accuracy
1,3.855763210646023,0.03482037110146072,3.825300285551283,0.07111111111111111
2,3.7291820469497456,0.053359652585866564,3.6558336967892116,0.07111111111111111
