epochs,train_loss,train_accuracy,validation_loss,validation_accuracy
1,3.847564080012819,0.04268456375838926,3.7662346076965334,0.051111111111111114
2,3.693468990717488,0.06515594157125938,3.731450947655572,0.051111111111111114
