epochs,train_loss,train_accuracy,validation_loss,validation_accuracy
1,3.8348994675465735,0.03763126727200947,3.785976634555393,0.08
2,3.714301300892188,0.05899723647848401,3.6615348434448243,0.08
