epochs,train_loss,train_accuracy,validation_loss,validation_accuracy
1,3.8534668779806145,0.032104224240031586,3.792827023400201,0.051111111111111114
2,3.8037892474631194,0.04358468219502566,3.7890288257598876,0.051111111111111114
