epochs,train_loss,train_accuracy,validation_loss,validation_accuracy
1,3.853385668444718,0.03949467035136202,3.831312725279066,0.044444444444444446
2,3.8159093116349116,0.048653770232925386,3.8251599968804255,0.044444444444444446
