epochs,train_loss,train_accuracy,validation_loss,validation_accuracy
1,3.880768897263278,0.0305250690880379,3.87503404935201,0.035555555555555556
2,3.851934492191777,0.03791551519936834,3.8553773095872668,0.035555555555555556
