epochs,train_loss,train_accuracy,validation_loss,validation_accuracy
1,3.877508219554403,0.03128306356099487,3.860038854810927,0.042222222222222223
2,3.816934580733265,0.04603237268061587,3.806142354541355,0.042222222222222223
