epochs,train_loss,train_accuracy,validation_loss,validation_accuracy
1,3.9067506106361964,0.024097907619423608,3.8901203282674155,0.03111111111111111
2,3.8886358195559763,0.02851954204500592,3.871155474980672,0.03111111111111111
