epochs,train_loss,train_accuracy,validation_loss,validation_accuracy
1,3.9167639501076934,0.02239242005527043,3.9119847191704644,0.02
2,3.9105698221020675,0.019692064745361233,3.9138916630215115,0.02
